[{"end_date":"2025-10-27","gameweek":1,"label":"Gameweek 1 \u2713 (Oct 21 - Oct 27)","start_date":"2025-10-21","status":"completed"},{"end_date":"2025-11-03","gameweek":2,"label":"Gameweek 2 \u2713 (Oct 28 - Nov 03)","start_date":"2025-10-28","status":"completed"},{"end_date":"2025-11-10","gameweek":3,"label":"Gameweek 3 \u2713 (Nov 04 - Nov 10)","start_date":"2025-11-04","status":"completed"},{"end_date":"2025-11-17","gameweek":4,"label":"Gameweek 4 \u2713 (Nov 11 - Nov 17)","start_date":"2025-11-11","status":"completed"},{"end_date":"2025-11-24","gameweek":5,"label":"Gameweek 5 \u2713 (Nov 18 - Nov 24)","start_date":"2025-11-18","status":"completed"},{"end_date":"2025-12-01","gameweek":6,"label":"Gameweek 6 \u2713 (Nov 25 - Dec 01)","start_date":"2025-11-25","status":"completed"},{"end_date":"2025-12-08","gameweek":7,"label":"Gameweek 7 \u2713 (Dec 02 - Dec 08)","start_date":"2025-12-02","status":"completed"},{"end_date":"2025-12-15","gameweek":8,"label":"Gameweek 8 \u2713 (Dec 09 - Dec 15)","start_date":"2025-12-09","status":"completed"},{"end_date":"2025-12-22","gameweek":9,"label":"Gameweek 9 \u2713 (Dec 16 - Dec 22)","start_date":"2025-12-16","status":"completed"},{"end_date":"2025-12-29","gameweek":10,"label":"Gameweek 10 \u2713 (Dec 23 - Dec 29)","start_date":"2025-12-23","status":"completed"},{"end_date":"2026-01-05","gameweek":11,"label":"Gameweek 11 \u2713 (Dec 30 - Jan 05)","start_date":"2025-12-30","status":"completed"},{"end_date":"2026-01-12","gameweek":12,"label":"Gameweek 12 \u2713 (Jan 06 - Jan 12)","start_date":"2026-01-06","status":"completed"},{"end_date":"2026-01-19","gameweek":13,"label":"Gameweek 13 \u2713 (Jan 13 - Jan 19)","start_date":"2026-01-13","status":"completed"},{"end_date":"2026-01-26","gameweek":14,"label":"Gameweek 14 \u2713 (Jan 20 - Jan 26)","start_date":"2026-01-20","status":"completed"},{"end_date":"2026-02-02","gameweek":15,"label":"Gameweek 15 \u2713 (Jan 27 - Feb 02)","start_date":"2026-01-27","status":"completed"},{"end_date":"2026-02-09","gameweek":16,"label":"Gameweek 16 \u2713 (Feb 03 - Feb 09)","start_date":"2026-02-03","status":"completed"},{"end_date":"2026-02-16","gameweek":17,"label":"Gameweek 17 (Current) (Feb 10 - Feb 16)","start_date":"2026-02-10","status":"active"},{"end_date":"2026-02-23","gameweek":18,"label":"Gameweek 18 (Feb 17 - Feb 23)","start_date":"2026-02-17","status":"upcoming"},{"end_date":"2026-03-02","gameweek":19,"label":"Gameweek 19 (Feb 24 - Mar 02)","start_date":"2026-02-24","status":"upcoming"},{"end_date":"2026-03-09","gameweek":20,"label":"Gameweek 20 (Mar 03 - Mar 09)","start_date":"2026-03-03","status":"upcoming"},{"end_date":"2026-03-16","gameweek":21,"label":"Gameweek 21 (Mar 10 - Mar 16)","start_date":"2026-03-10","status":"upcoming"},{"end_date":"2026-03-23","gameweek":22,"label":"Gameweek 22 (Mar 17 - Mar 23)","start_date":"2026-03-17","status":"upcoming"},{"end_date":"2026-03-30","gameweek":23,"label":"Gameweek 23 (Mar 24 - Mar 30)","start_date":"2026-03-24","status":"upcoming"},{"end_date":"2026-04-06","gameweek":24,"label":"Gameweek 24 (Mar 31 - Apr 06)","start_date":"2026-03-31","status":"upcoming"},{"end_date":"2026-04-13","gameweek":25,"label":"Gameweek 25 (Apr 07 - Apr 13)","start_date":"2026-04-07","status":"upcoming"}]
